{"cameraMode":{"drawMode":0,"name":"Shaded","section":"Shading Mode"},"sceneLighting":false,"audioPlay":false,"sceneViewState":{"m_AlwaysRefresh":false,"showFog":true,"showSkybox":false,"showFlares":true,"showImageEffects":true,"showParticleSystems":true,"showVisualEffectGraphs":true,"m_FxEnabled":true},"in2DMode":false,"pivot":{"x":-0.00010573863983154297,"y":0.06217900291085243,"z":0.005544524639844894},"rotation":{"x":0.15346725285053254,"y":0.5751454830169678,"z":-0.11091028898954392,"w":0.7958337664604187},"size":0.08620657026767731,"orthographic":false}