{"cameraMode":{"drawMode":0,"name":"Shaded","section":"Shading Mode"},"sceneLighting":true,"audioPlay":false,"sceneViewState":{"m_AlwaysRefresh":false,"showFog":true,"showSkybox":true,"showFlares":true,"showImageEffects":true,"showParticleSystems":true,"showVisualEffectGraphs":true,"m_FxEnabled":true},"in2DMode":false,"pivot":{"x":0.6935763359069824,"y":1.9598205089569092,"z":-0.7531375885009766},"rotation":{"x":-0.14767096936702729,"y":-0.2444087713956833,"z":0.037682127207517627,"w":-0.9576204419136047},"size":1.5073950290679932,"orthographic":false}