{"cameraMode":{"drawMode":0,"name":"Shaded","section":"Shading Mode"},"sceneLighting":false,"audioPlay":false,"sceneViewState":{"m_AlwaysRefresh":false,"showFog":true,"showSkybox":false,"showFlares":true,"showImageEffects":true,"showParticleSystems":true,"showVisualEffectGraphs":true,"m_FxEnabled":true},"in2DMode":false,"pivot":{"x":0.05128803849220276,"y":0.16778355836868287,"z":0.03456590324640274},"rotation":{"x":0.15346725285053254,"y":0.5751454830169678,"z":-0.11091028898954392,"w":0.7958337664604187},"size":0.07632127404212952,"orthographic":false}