{"cameraMode":{"drawMode":0,"name":"Shaded","section":"Shading Mode"},"sceneLighting":false,"audioPlay":false,"sceneViewState":{"m_AlwaysRefresh":false,"showFog":true,"showSkybox":false,"showFlares":true,"showImageEffects":true,"showParticleSystems":true,"showVisualEffectGraphs":true,"m_FxEnabled":true},"in2DMode":false,"pivot":{"x":-0.06816542148590088,"y":0.14805865287780763,"z":-0.008117616176605225},"rotation":{"x":0.15346725285053254,"y":0.5751454830169678,"z":-0.11091028898954392,"w":0.7958337664604187},"size":0.0698905810713768,"orthographic":false}