{"cameraMode":{"drawMode":0,"name":"Shaded","section":"Shading Mode"},"sceneLighting":false,"audioPlay":false,"sceneViewState":{"m_AlwaysRefresh":false,"showFog":true,"showSkybox":false,"showFlares":true,"showImageEffects":true,"showParticleSystems":true,"showVisualEffectGraphs":true,"m_FxEnabled":true},"in2DMode":false,"pivot":{"x":-0.006184600293636322,"y":0.1524171531200409,"z":0.0234686192125082},"rotation":{"x":-0.11820989847183228,"y":-0.014288702048361302,"z":0.001694217324256897,"w":-0.9928836822509766},"size":0.1898825466632843,"orthographic":false}